id,question,expected_file,expected_function,retrieved,hit,hit_rank
q01,When does requests remove the Authorization header during a redirect?,sessions.py,SessionRedirectMixin.should_strip_auth,sessions.py::SessionRedirectMixin.should_strip_auth; sessions.py::SessionRedirectMixin.rebuild_proxies; adapters.py::HTTPAdapter.send,yes,1
q02,How does requests determine the redirect URL from a response?,sessions.py,SessionRedirectMixin.get_redirect_target,adapters.py::HTTPAdapter.send; models.py::Response.__init__; sessions.py::SessionRedirectMixin.resolve_redirects,no,
q03,How does requests decide whether a URL should bypass configured proxies?,utils.py,should_bypass_proxies,utils.py::should_bypass_proxies; utils.py::resolve_proxies; sessions.py::SessionRedirectMixin.should_strip_auth,yes,1
q04,How does requests choose which proxy to use for a URL?,utils.py,select_proxy,models.py::Response.raise_for_status; adapters.py::HTTPAdapter.proxy_manager_for; adapters.py::HTTPAdapter.get_connection_with_tls_context,no,
q05,What default HTTP headers does requests add to a request?,utils.py,default_headers,adapters.py::HTTPAdapter.add_headers; adapters.py::HTTPAdapter.build_response; adapters.py::HTTPAdapter.proxy_headers,no,
q06,How does requests determine the Content-Length header for a prepared request?,models.py,PreparedRequest.prepare_content_length,adapters.py::HTTPAdapter.send; sessions.py::SessionRedirectMixin.resolve_redirects; utils.py::super_len,no,
q07,How does requests obtain authentication information when no explicit authentication is supplied?,models.py,PreparedRequest.prepare_auth,models.py::RequestEncodingMixin._encode_files; adapters.py::HTTPAdapter.request_url; models.py::PreparedRequest.prepare_url,no,
q08,How does requests create an authentication header for a proxy?,adapters.py,HTTPAdapter.proxy_headers,adapters.py::HTTPAdapter.get_connection_with_tls_context; sessions.py::Session.__init__; sessions.py::Session.request,no,
q09,How does requests configure HTTPS certificate verification?,adapters.py,HTTPAdapter.cert_verify,sessions.py::Session.__init__; adapters.py::HTTPAdapter.cert_verify; api.py::request,yes,2
q10,Why did the requests developers choose their current redirect authentication policy instead of another design?,,,utils.py::super_len; models.py::PreparedRequest.prepare_body; sessions.py::SessionRedirectMixin.resolve_redirects,n/a,
